Store,Sales_sum,Sales_mean,Sales_std,Customers_sum,Customers_mean,StoreType_first,Assortment_first,CompetitionDistance_first,Sales_Category
1,3716854,4759.1,1012.11,440523,564.05,c,a,1270.0,Low
2,3883858,4953.9,1610.15,457855,584.0,a,a,570.0,Low
3,5408261,6942.57,2193.38,584310,750.08,a,a,14130.0,Medium
4,7556507,9638.4,1936.03,1036254,1321.75,c,c,620.0,High
5,3642818,4676.27,1765.75,418588,537.34,a,a,29910.0,Low
6,4297758,5509.95,1577.38,495483,635.23,a,a,310.0,Medium
7,6930202,8817.05,2448.62,745569,948.56,a,c,24000.0,High
8,4342857,5539.36,1894.09,516027,658.2,a,a,7520.0,Medium
9,5112061,6562.34,1628.65,451677,579.82,a,c,2030.0,Medium
10,4365642,5568.42,1051.13,465661,593.96,a,a,3160.0,Medium
11,6296286,8030.98,2242.53,885992,1130.09,a,c,960.0,High
12,5950245,7589.6,2055.97,703211,896.95,a,c,1070.0,High
13,3126578,5034.75,1617.51,237740,382.83,d,a,310.0,Medium
14,4291174,5508.57,1479.65,491913,631.47,a,a,1300.0,Medium
15,5231510,6672.84,1625.67,520107,663.4,d,c,4110.0,Medium
16,5967891,7680.68,1904.36,662375,852.48,a,c,3270.0,High
17,4954488,6335.66,2497.62,619090,791.68,a,a,50.0,Medium
18,5130137,6560.28,1783.42,557785,713.28,d,c,13840.0,Medium
19,5036169,6464.92,1842.07,486618,624.67,a,c,3240.0,Medium
20,4801543,7756.94,1695.43,525258,848.56,d,a,2340.0,High
21,4259763,5482.32,1790.77,401213,516.36,c,c,550.0,Medium
22,2801506,4525.86,1140.0,312129,504.25,a,a,1040.0,Low
23,4300299,5520.28,1605.53,375818,482.44,d,a,4060.0,Medium
24,7313475,9388.29,2604.82,650800,835.43,a,c,4590.0,High
25,8376557,11139.04,2862.6,1177772,1566.19,c,a,430.0,Very High
26,5217266,6671.7,2012.8,434849,556.07,d,a,2300.0,Medium
27,7383809,9478.57,2915.38,837237,1074.76,a,a,60.0,High
28,4080950,5293.06,2149.91,448196,581.32,a,a,1200.0,Medium
29,5737160,7364.78,2204.59,509233,653.7,d,c,2170.0,High
30,4114046,5294.78,1542.35,603828,777.13,a,a,40.0,Medium
31,4596143,5862.43,1333.96,459464,586.05,d,c,9800.0,Medium
32,2526117,4067.82,1278.99,296333,477.19,a,a,2910.0,Low
33,6572158,8436.66,1745.39,651485,836.31,a,c,1320.0,High
34,6296685,8031.49,1513.0,778872,993.46,c,a,2240.0,High
35,7558693,9703.07,2998.39,568401,729.65,d,c,7660.0,High
36,5824183,9363.64,1323.59,678178,1090.32,a,c,540.0,High
37,5549053,7114.17,1890.99,609251,781.09,c,a,4230.0,High
38,4677617,6004.64,1811.57,417034,535.35,d,a,1090.0,Medium
39,3780153,4852.57,1864.53,490471,629.62,a,a,260.0,Low
40,3804215,4902.34,1125.84,515125,663.82,a,a,180.0,Low
41,3318407,5335.06,1377.8,247531,397.96,d,c,1180.0,Medium
42,7928768,10178.14,2487.34,856938,1100.05,a,c,290.0,Very High
43,5315050,6822.91,1963.71,475314,610.16,d,a,4880.0,Medium
44,4295144,5478.5,1585.82,501806,640.06,a,a,540.0,Medium
45,4166458,5348.47,1321.45,323582,415.38,d,a,9710.0,Medium
46,3329125,5352.29,1578.75,410832,660.5,c,a,1200.0,Medium
47,5601760,7145.1,1745.36,721790,920.65,a,c,270.0,High
48,3085014,3934.97,905.37,336519,429.23,a,a,1060.0,Low
49,5675296,7304.11,1811.95,413137,531.71,d,c,18010.0,High
50,3315479,4256.07,1181.06,279505,358.8,d,a,6260.0,Low
51,4152028,6675.29,1516.28,309126,496.99,a,c,10570.0,Medium
52,4607742,7407.95,1995.84,313176,503.5,d,c,450.0,High
53,4127609,5264.81,1479.47,444300,566.71,a,c,30360.0,Medium
54,6207418,7907.54,2081.58,573426,730.48,d,c,7170.0,High
55,3587212,4598.99,1533.85,435992,558.96,a,a,720.0,Low
56,5718290,7321.75,1730.43,395919,506.94,d,c,6620.0,High
57,8155633,10591.73,3705.14,761161,988.52,d,c,420.0,Very High
58,3947427,6336.16,1789.09,319691,513.15,a,c,7340.0,Medium
59,4302026,5501.31,1913.43,441060,564.02,a,c,2840.0,Medium
60,6265808,8033.09,2697.45,556509,713.47,d,c,5540.0,High
61,3668998,4722.01,1192.85,444241,571.74,a,c,350.0,Low
62,5066512,6503.87,1831.51,559309,717.98,a,a,2050.0,Medium
63,5453808,6956.39,1858.94,500860,638.85,c,c,3700.0,Medium
64,8070070,10359.53,2644.01,617633,792.85,d,c,22560.0,Very High
65,3988058,5112.89,1757.78,355602,455.9,a,c,13840.0,Medium
66,4750858,6114.36,1158.22,407192,524.06,d,a,7660.0,Medium
67,6083079,7828.93,2188.94,620297,798.32,a,c,410.0,High
68,5929590,7563.25,1927.51,903132,1151.95,a,c,250.0,High
69,7362059,9426.45,2172.91,924441,1183.66,c,c,1130.0,High
70,5167478,6608.03,1677.98,531054,679.1,c,c,4840.0,Medium
71,7058595,9061.1,2583.33,581851,746.92,a,a,17500.0,High
72,2753676,4420.03,1773.28,295838,474.86,a,a,2200.0,Low
73,3588351,4576.98,1356.55,387402,494.14,a,c,1650.0,Low
74,4855145,6256.63,1706.95,662877,854.22,a,a,330.0,Medium
75,4722388,6023.45,1289.83,503438,642.14,d,c,22440.0,Medium
76,5606718,8999.55,2068.19,578204,928.1,d,c,19960.0,High
77,5952383,7621.49,1958.09,517673,662.83,d,c,1090.0,High
78,2899629,3717.47,1091.69,385990,494.86,a,a,3510.0,Low
79,4253485,5474.24,1547.23,435499,560.49,a,a,3320.0,Medium
80,5933077,7616.27,1774.03,450064,577.75,d,a,7910.0,High
81,4345098,6985.69,1320.29,349252,561.5,a,a,2370.0,Medium
82,7026310,9019.65,2796.89,653238,838.56,a,a,22390.0,High
83,3028523,3887.71,886.0,269409,345.84,a,a,2710.0,Low
84,10092722,12956.0,2947.79,1084610,1392.31,a,c,11810.0,Very High
85,6850652,7272.45,2272.86,956508,1015.4,b,a,1870.0,High
86,3652727,4695.02,1369.6,470659,604.96,a,a,480.0,Low
87,4598287,5865.16,1631.68,578159,737.45,a,a,560.0,Medium
88,4699058,6024.43,2463.73,478523,613.49,a,a,10690.0,Medium
89,3714173,5971.34,1271.07,388237,624.18,a,a,2380.0,Medium
90,6548246,8416.77,2018.0,822393,1057.06,a,a,330.0,High
91,4324904,5559.0,1664.11,477638,613.93,c,a,2410.0,Medium
92,4671417,5996.68,1836.88,426158,547.06,c,a,240.0,Medium
93,4646872,5965.18,1952.22,470169,603.55,a,a,16690.0,Medium
94,5547371,7121.14,1993.8,498672,640.14,d,c,14620.0,High
95,5958064,7638.54,2434.3,658101,843.72,a,a,1890.0,High
96,4037973,5176.89,2257.38,423364,542.77,a,a,8780.0,Medium
97,5228649,6703.4,2000.31,537288,688.83,d,c,8980.0,Medium
98,3980584,5109.86,1299.45,351785,451.59,d,c,15140.0,Medium
99,3191184,5130.52,1346.82,289554,465.52,c,c,2030.0,Medium
100,4826434,7964.41,1672.27,415849,686.22,d,a,17930.0,High
101,5856384,7469.88,1673.19,609290,777.16,d,c,2440.0,High
102,5444156,7061.16,2368.81,808768,1048.99,a,a,150.0,High
103,2959073,4689.5,1207.66,266040,421.62,d,c,5210.0,Low
104,7939205,10126.54,1418.14,1028904,1312.38,a,a,390.0,Very High
105,3348791,4441.37,1723.25,388347,515.05,a,c,6190.0,Low
106,6718335,8668.82,2070.44,639877,825.65,a,a,1390.0,High
107,5751886,7336.59,1261.9,748964,955.31,a,a,1930.0,High
108,6863994,11035.36,2334.76,527942,848.78,d,c,2190.0,Very High
109,5068030,6464.32,1477.57,582023,742.38,a,c,3300.0,Medium
110,3554993,4534.43,1228.5,460552,587.44,a,c,46590.0,Low
111,5288733,6771.75,1692.26,466784,597.67,d,c,7890.0,Medium
112,4883888,6229.45,904.97,608379,775.99,a,a,1630.0,Medium
113,4477826,7199.08,1714.43,434973,699.31,d,c,20930.0,High
114,4191703,5346.56,1256.11,476770,608.12,c,a,4510.0,Medium
115,4585191,7371.69,1693.14,343372,552.05,d,c,5740.0,High
116,5711629,7294.55,1420.46,593708,758.25,a,a,680.0,High
117,3024044,3881.96,1091.67,383319,492.07,a,a,3450.0,Low
118,6085216,7781.61,2293.52,528277,675.55,d,c,3580.0,High
119,4707987,6005.09,1391.75,521332,664.96,a,c,2100.0,Medium
120,5552990,7110.1,1724.74,498431,638.2,d,a,2290.0,High
121,3473474,4453.17,1381.44,393208,504.11,a,a,3570.0,Low
122,5718883,6462.01,2254.82,702496,793.78,a,c,58260.0,Medium
123,6450589,8399.2,3243.67,737109,959.78,a,a,16760.0,High
124,3446410,4424.15,1270.46,409507,525.68,a,a,1410.0,Low
125,9280089,11836.85,2741.77,1233970,1573.94,a,a,760.0,Very High
126,5069540,6507.75,3049.54,423630,543.81,d,a,3370.0,Medium
127,3263370,5238.15,1513.12,411023,659.75,d,a,1350.0,Medium
128,5822099,7454.67,2146.69,464447,594.68,d,c,2000.0,High
129,5727451,9208.12,2031.71,724918,1165.46,a,a,2460.0,High
130,3999550,5121.06,964.21,448095,573.75,c,a,900.0,Medium
131,4109540,5275.4,1299.8,435381,558.9,c,a,920.0,Medium
132,3908185,6283.26,1591.17,362256,582.41,d,c,1040.0,Medium
133,5057788,6467.76,2163.86,593403,758.83,a,a,270.0,Medium
134,3705099,4725.89,980.92,387764,494.6,a,a,1200.0,Low
135,4648837,5952.42,1366.09,421569,539.78,d,a,5190.0,Medium
136,3414045,5488.82,1793.88,263716,423.98,a,c,2200.0,Medium
137,5147039,8274.98,1714.83,595429,957.28,a,a,1730.0,High
138,5721236,7334.92,2728.31,557266,714.44,a,c,25360.0,High
139,4020701,6464.15,1686.49,319593,513.82,a,a,1700.0,Medium
140,5833328,7469.05,1624.09,752581,963.61,a,c,1090.0,High
141,4305156,5540.74,1463.09,475445,611.9,c,c,1540.0,Medium
142,3586489,4603.97,1065.17,443045,568.74,a,a,1090.0,Low
143,4919195,6314.76,1857.95,453411,582.04,d,a,2930.0,Medium
144,4823879,7718.21,1896.27,455556,728.89,a,c,16570.0,High
145,5072096,8342.26,2070.37,770814,1267.79,a,a,280.0,High
146,6086195,7812.83,2031.91,547187,702.42,d,c,8050.0,High
147,6397583,8212.56,1991.07,685221,879.62,d,c,8540.0,High
148,6772949,8638.97,1576.82,642470,819.48,a,a,2090.0,High
149,3462975,5567.48,1497.34,302428,486.22,d,a,2610.0,Medium
150,6599117,8417.24,2151.46,643191,820.4,c,c,31830.0,High
151,5269496,6755.76,1858.23,508566,652.01,d,c,4360.0,Medium
152,4317171,5541.94,1860.54,484073,621.4,a,a,1780.0,Medium
153,5505047,7066.81,2601.5,493792,633.88,a,a,16240.0,High
154,6824045,8737.57,2289.92,575933,737.43,d,c,16420.0,High
155,4290509,6886.85,1627.5,411372,660.31,d,a,3050.0,Medium
156,5443980,6961.61,2815.32,557269,712.62,a,a,2020.0,Medium
157,7574054,9722.79,2425.04,771078,989.83,a,c,2950.0,High
158,6354198,8156.87,1646.7,405068,519.98,d,c,11840.0,High
159,4827383,7748.61,2090.59,433591,695.97,d,a,8530.0,High
160,4475644,5730.66,1409.86,436723,559.18,d,c,17110.0,Medium
161,5649774,7252.6,1400.03,638171,819.22,a,c,2970.0,High
162,6066911,7768.13,2167.97,433998,555.7,d,c,5340.0,High
163,5722186,7298.71,1517.63,682711,870.8,a,a,1480.0,High
164,3868966,6210.22,1986.16,394629,633.43,a,a,1160.0,Medium
165,2486031,3996.83,931.9,262891,422.65,a,a,3720.0,Low
166,4533193,5819.25,1527.92,636652,817.27,a,c,100.0,Medium
167,7250708,9295.78,3220.27,823044,1055.18,a,a,140.0,High
168,5840824,7517.15,2287.2,568177,731.24,a,a,12540.0,High
169,5529699,7218.93,1975.1,526944,687.92,d,a,980.0,High
170,3902355,5009.44,1327.25,423591,543.76,a,a,1070.0,Medium
171,6566306,8429.15,2513.83,675584,867.25,a,a,2640.0,High
172,4342600,6981.67,1316.57,540457,868.9,a,a,110.0,Medium
173,6454502,8232.78,1910.68,789125,1006.54,a,a,350.0,High
174,3692528,5936.54,1028.59,298263,479.52,a,a,13090.0,Medium
175,4535086,5784.55,1229.93,541515,690.71,c,a,4130.0,Medium
176,4111700,5278.18,1784.9,492327,632.0,a,a,3770.0,Medium
177,3115395,3994.1,1431.4,378516,485.28,a,a,1250.0,Low
178,7870142,10089.93,2946.74,720381,923.57,d,a,1710.0,Very High
179,5683019,7295.27,2078.73,744593,955.83,a,c,480.0,High
180,5660528,7220.06,1560.12,661099,843.24,d,a,5800.0,High
181,3976421,6382.7,2229.54,416656,668.79,a,a,12610.0,Medium
182,4142935,5304.65,1382.46,326297,417.79,d,c,1390.0,Medium
183,2945836,4821.34,1671.59,367233,601.04,a,a,9670.0,Low
184,5123769,6594.3,1665.88,462834,595.67,d,c,3560.0,Medium
185,5621764,7170.62,1877.1,427459,545.23,d,c,1860.0,High
186,2353548,3783.84,923.01,237019,381.06,a,a,290.0,Low
187,4923311,6279.73,1712.37,608155,775.71,a,c,19360.0,Medium
188,3884836,4986.95,1491.39,341389,438.24,d,a,850.0,Low
189,6826322,8762.93,1945.86,652121,837.13,d,a,5760.0,High
190,4477750,7198.95,1516.72,408097,656.1,a,a,1470.0,High
191,4253819,6838.94,1247.79,444020,713.86,a,a,1100.0,Medium
192,5608471,9016.83,3350.51,401447,645.41,d,c,2770.0,High
193,4166302,5362.04,1716.91,607349,781.66,a,a,520.0,Medium
194,3752516,4829.49,1047.37,324514,417.65,d,c,16970.0,Low
195,8345567,10713.18,2482.93,1011485,1298.44,a,c,220.0,Very High
196,4079175,5216.34,1417.0,544939,696.85,c,a,3850.0,Medium
197,5367788,6846.67,1762.77,660348,842.28,c,a,4210.0,Medium
198,2268273,2900.6,1597.76,264690,338.48,a,a,290.0,Low
199,6197488,7955.7,2087.64,486550,624.58,d,c,6360.0,High
200,6021315,7729.54,1469.14,753802,967.65,a,a,1650.0,High
201,4089245,5249.35,1280.62,346044,444.22,d,a,20260.0,Medium
202,4737388,6065.8,1362.95,397835,509.39,d,c,5140.0,Medium
203,5298238,6775.24,1820.56,690154,882.55,c,c,490.0,Medium
204,3412446,5486.25,1044.27,326039,524.18,a,a,5630.0,Medium
205,5124867,6536.82,1663.15,689282,879.19,a,a,110.0,Medium
206,5575733,7157.55,2141.93,623126,799.91,a,c,380.0,High
207,8768418,11184.21,3256.12,1019499,1300.38,a,a,6870.0,Very High
208,2302052,2936.29,716.53,324162,413.47,c,a,300.0,Low
209,4928424,5587.78,1891.57,509083,577.19,a,c,11680.0,Medium
210,2488114,3193.98,849.29,254156,326.26,d,a,970.0,Low
211,10187567,12994.35,3176.59,1164871,1485.8,a,c,350.0,Very High
212,3744115,4775.66,1255.2,361234,460.76,a,c,15050.0,Low
213,6334081,8131.04,2173.49,508427,652.67,d,c,4030.0,High
214,7269531,9331.88,2284.73,557336,715.45,d,a,8650.0,High
215,3920679,6313.49,1813.89,304466,490.28,d,a,150.0,Medium
216,5607978,7226.78,1872.64,688834,887.67,c,a,190.0,High
217,3685496,4700.89,996.86,504018,642.88,c,a,3150.0,Low
218,3121555,5018.58,1503.02,433160,696.4,a,c,640.0,Medium
219,2441162,3133.71,822.27,316620,406.44,a,a,1640.0,Low
220,3807392,4906.43,1283.83,500228,644.62,a,a,1000.0,Low
221,4564321,5821.84,1412.34,433356,552.75,d,c,13530.0,Medium
222,3906246,4982.46,1449.69,440266,561.56,a,a,2170.0,Low
223,5656109,7232.88,2077.85,577676,738.72,d,c,2920.0,High
224,5151315,6629.75,1768.49,371919,478.66,d,c,7930.0,Medium
225,4064054,5197.0,1470.36,435047,556.33,d,a,10180.0,Medium
226,5667944,7257.29,1653.42,549052,703.01,a,a,450.0,High
227,4623704,6020.45,1889.89,430968,561.16,a,a,2370.0,Medium
228,6190043,7946.14,1549.44,462038,593.12,d,c,10800.0,High
229,6734738,8645.36,2234.16,571982,734.25,d,c,17410.0,High
230,5928326,7561.64,1662.81,737138,940.23,d,c,6680.0,High
231,2967114,4770.28,1287.81,245380,394.5,d,c,3840.0,Low
232,2583221,3372.35,1068.59,232738,303.84,c,c,13570.0,Low
233,7365681,9431.09,1800.28,805731,1031.67,a,a,1890.0,High
234,8625334,11072.32,3506.85,798258,1024.72,d,a,4370.0,Very High
235,4635585,5935.45,1947.24,391382,501.13,a,a,5710.0,Medium
236,5581738,7119.56,1967.07,677994,864.79,a,a,1000.0,High
237,3556217,4535.99,759.03,450589,574.73,a,a,1420.0,Low
238,5868876,7661.72,1907.13,843640,1101.36,a,a,320.0,High
239,3950473,5071.21,1385.36,367741,472.07,d,c,610.0,Medium
240,3772636,4812.04,989.72,360447,459.75,a,a,1110.0,Low
241,5128334,6583.23,1458.2,548976,704.72,d,c,780.0,Medium
242,3196707,4093.09,1446.18,285726,365.85,d,a,6880.0,Low
243,4407146,7074.07,2092.97,594010,953.47,a,a,310.0,High
244,4106186,5271.1,1700.87,420927,540.34,d,a,710.0,Medium
245,6949075,8897.66,1539.21,797211,1020.76,a,c,1310.0,High
246,5551547,7081.05,1474.62,734843,937.3,c,a,4660.0,High
247,6698411,8576.71,2445.77,534178,683.97,d,c,70.0,High
248,6555942,8362.17,2257.58,872228,1112.54,a,c,340.0,High
249,4144086,5285.82,1274.3,421584,537.73,d,c,18010.0,Medium
250,6615557,8470.62,2481.29,513850,657.94,d,a,3520.0,High
251,14896870,19123.07,3547.64,1908934,2450.49,a,c,340.0,Very High
252,8269484,10615.51,2889.08,630702,809.63,d,c,22330.0,Very High
253,4476698,5746.72,2048.83,538066,690.71,a,c,250.0,Medium
254,2341661,3005.98,832.14,201507,258.67,d,a,330.0,Low
255,4885211,6271.13,1486.82,498843,640.36,c,c,4630.0,Medium
256,7630314,9832.88,2835.27,967823,1247.19,a,c,80.0,High
257,4183099,5335.59,1462.64,495496,632.01,a,a,420.0,Medium
258,3509384,5642.1,1235.11,307197,493.89,a,a,27190.0,Medium
259,10851871,11643.64,2531.8,2210980,2372.3,b,b,210.0,Very High
260,5143038,6560.0,809.61,714576,911.45,a,a,540.0,Medium
261,9828244,12616.49,4872.38,739220,948.93,d,c,15340.0,Very High
262,19516842,20718.52,4668.88,3204694,3402.01,b,a,1180.0,Very High
263,2306075,3707.52,947.19,221342,355.86,a,c,1140.0,Low
264,5512491,7234.24,2294.06,727234,954.38,a,a,180.0,High
265,3859812,4954.83,1769.76,392036,503.26,a,a,4580.0,Low
266,3424011,4389.76,1370.53,414483,531.39,a,c,360.0,Low
267,7282702,9289.16,2614.53,881620,1124.52,c,a,2460.0,High
268,3826840,4881.17,1449.48,468855,598.03,a,a,4520.0,Low
269,7281084,9346.71,3023.14,959027,1231.1,a,c,60.0,High
270,7284633,9291.62,1607.61,944773,1205.07,a,a,1450.0,High
271,6116519,7841.69,3439.78,617651,791.86,a,a,420.0,High
272,4871343,6237.31,2184.75,491687,629.56,a,a,16180.0,Medium
273,5499466,7059.65,2005.59,548145,703.65,a,c,8480.0,High
274,3794012,4070.83,1400.06,925235,992.74,b,b,3640.0,Low
275,4630070,7443.84,1651.33,466063,749.3,d,a,300.0,High
276,3191132,4091.19,1243.74,406340,520.95,a,a,2960.0,Low
277,4008491,6444.52,1628.82,332923,535.25,d,c,7840.0,Medium
278,5599459,7142.17,1804.31,621398,792.6,a,c,9260.0,High
279,5532919,8881.09,3024.24,415873,667.53,d,c,2320.0,High
280,4869839,6267.49,1321.88,404863,521.06,d,c,18640.0,Medium
281,4594724,5860.62,1269.34,430929,549.65,d,c,6970.0,Medium
282,3456330,4408.58,1040.19,502531,640.98,a,a,1220.0,Low
283,4425007,7114.16,1328.4,446799,718.33,a,a,2260.0,High
284,3367042,5413.25,1425.64,279858,449.93,d,a,1290.0,Medium
285,4025996,5154.92,1143.65,367256,470.24,a,a,2410.0,Medium
286,3838772,4927.82,2068.02,335325,430.46,a,a,1460.0,Low
287,5070793,8152.4,1419.87,509417,819.0,c,a,2740.0,High
288,3499206,5625.73,1612.52,262806,422.52,d,a,800.0,Medium
289,4936879,6321.23,1481.93,432447,553.71,d,a,6540.0,Medium
290,5464029,7014.16,2202.57,531828,682.71,a,a,4150.0,High
291,6257971,8023.04,2634.45,655473,840.35,d,a,2320.0,High
292,4422953,5774.09,1961.24,541196,706.52,a,a,1100.0,Medium
293,4899830,6257.77,1663.78,638439,815.38,c,c,140.0,Medium
294,4506589,5770.28,1689.71,598265,766.02,a,a,3150.0,Medium
295,4106780,5285.43,1322.49,521352,670.98,a,a,210.0,Medium
296,5438463,6963.46,1888.21,589505,754.81,a,a,9580.0,Medium
297,5432839,6992.07,1947.91,559386,719.93,a,a,2300.0,Medium
298,5223940,8398.62,1872.55,429979,691.28,d,a,19840.0,High
299,5499540,6235.31,2175.57,602255,682.83,d,c,38630.0,Medium
300,5534680,7077.6,1540.3,687137,878.69,a,c,120.0,High
301,4342138,5538.44,1169.64,467376,596.14,a,c,4510.0,Medium
302,2922724,3742.28,1067.28,252528,323.34,d,c,2190.0,Low
303,4740126,6180.09,1980.58,516285,673.12,a,a,15430.0,Medium
304,5541079,7067.7,1800.91,827856,1055.94,a,a,1950.0,High
305,4176274,5347.34,1667.45,396325,507.46,c,c,2470.0,Medium
306,2717435,4368.87,1079.22,291021,467.88,a,a,5100.0,Low
307,2114322,2703.74,1032.83,240704,307.81,a,a,18660.0,Low
308,7183229,9353.16,2668.79,720753,938.48,a,a,1070.0,High
309,5430658,6971.32,2015.68,460414,591.03,d,a,8740.0,Medium
310,7388018,8236.36,3142.93,627604,699.67,a,c,2290.0,High
311,5184737,6638.59,1455.39,616333,789.16,a,c,680.0,Medium
312,4348731,5568.16,1585.11,420688,538.65,d,a,11300.0,Medium
313,5533037,7075.49,2233.6,552885,707.01,d,c,14160.0,High
314,4002280,5137.72,1458.37,445010,571.26,a,a,3560.0,Medium
315,3333890,4252.41,1172.21,352465,449.57,a,c,38710.0,Low
316,7677532,9855.63,2508.25,702532,901.84,d,a,9000.0,High
317,3346040,5379.49,1184.03,360336,579.32,d,a,3140.0,Medium
318,5871619,7527.72,2206.25,513822,658.75,d,c,32330.0,High
319,6105068,7787.08,1804.9,661449,843.68,a,c,570.0,High
320,11630218,14834.46,3410.48,1617489,2063.12,a,c,210.0,Very High
321,4647488,5958.32,1456.71,456662,585.46,c,c,8140.0,Medium
322,3926557,5021.17,2041.98,428432,547.87,a,a,17500.0,Medium
323,5737615,7365.36,1568.03,483870,621.14,d,c,8400.0,High
324,4436629,5687.99,2381.86,562953,721.73,a,a,13140.0,Medium
325,5051539,6484.65,1733.44,524314,673.06,a,c,350.0,Medium
326,3901936,5008.9,1254.67,326200,418.74,d,a,10070.0,Medium
327,6012573,7728.24,1990.71,723138,929.48,c,c,1390.0,High
328,3452551,4432.03,1199.87,405391,520.4,a,a,3130.0,Low
329,5385006,6912.72,2038.39,483386,620.52,a,a,1310.0,Medium
330,3245811,4166.64,1041.84,348645,447.55,a,c,370.0,Low
331,4799307,6160.86,1711.89,638940,820.21,a,c,670.0,Medium
332,2908282,3728.57,1278.44,391168,501.5,a,a,1840.0,Low
333,7662181,9773.19,2005.66,993414,1267.11,a,c,3720.0,High
334,4228712,5428.39,1196.62,437907,562.14,d,c,4040.0,Medium
335,12541731,13313.94,4762.35,2246936,2385.28,b,a,90.0,Very High
336,10850316,13910.66,3276.05,1529043,1960.31,a,a,190.0,Very High
337,3943779,5049.65,1152.66,299850,383.93,d,c,10600.0,Medium
338,5637222,7217.95,1782.65,487915,624.73,a,c,1590.0,High
339,3881031,5133.64,1239.06,513596,679.36,a,c,2280.0,Medium
340,5084744,6485.64,1696.9,560590,715.04,a,c,8080.0,Medium
341,4293485,5511.53,1298.08,584355,750.13,a,a,190.0,Medium
342,6895670,11104.14,2075.03,527685,849.73,d,c,15770.0,Very High
343,5608306,7199.37,2017.28,546982,702.16,d,a,18650.0,High
344,6649189,8481.11,2549.81,893298,1139.41,a,c,300.0,High
345,2836062,4559.59,1170.56,307503,494.38,a,a,120.0,Low
346,5320960,6830.5,1625.7,482745,619.7,a,c,8090.0,Medium
347,3732856,4804.19,1106.38,300454,386.68,d,c,9360.0,Low
348,5255376,8802.97,2314.29,439128,735.56,a,a,16490.0,High
349,5711451,8159.22,1474.62,580713,829.59,c,c,1490.0,High
350,5477257,7013.13,1788.84,413472,529.41,d,a,8880.0,High
351,4710510,6046.87,1558.42,404164,518.82,a,a,5290.0,Medium
352,5246710,6692.23,1401.83,499372,636.95,d,c,6360.0,Medium
353,5255773,5645.3,1451.22,1349510,1449.53,b,b,900.0,Medium
354,6536263,8390.58,2010.27,549547,705.45,d,c,1500.0,High
355,7172668,9148.81,2239.91,863704,1101.66,a,c,9720.0,High
356,4443882,5719.28,1283.26,338618,435.8,d,c,8970.0,Medium
357,5986921,7795.47,2382.64,781188,1017.17,a,a,2060.0,High
358,8028461,10306.11,2598.26,874499,1122.59,a,a,2890.0,Very High
359,5337128,6851.26,1353.84,476709,611.95,d,c,4370.0,Medium
360,5437400,6935.46,1763.3,593128,756.54,a,a,2040.0,Medium
361,4888169,6266.88,1689.02,497502,637.82,c,c,4490.0,Medium
362,7323168,9376.66,2098.24,898633,1150.62,c,c,340.0,High
363,5593213,7134.2,1449.78,734675,937.09,a,a,250.0,High
364,3510451,4553.11,1455.77,437640,567.63,a,c,13620.0,Low
365,3378609,5440.59,1372.92,364655,587.21,c,a,2410.0,Medium
366,4833475,6196.76,2209.0,468724,600.93,d,c,6470.0,Medium
367,4119323,5254.24,1508.32,425547,542.79,d,c,2640.0,Medium
368,7526231,9686.27,3155.42,553908,712.88,d,c,1450.0,High
369,5354973,6856.56,1474.6,450860,577.29,d,c,5870.0,Medium
370,5959072,7649.64,1835.78,495158,635.63,d,a,8250.0,High
371,5380900,6889.76,1886.91,425185,544.41,d,c,1970.0,Medium
372,6844455,8786.21,2186.75,591494,759.3,d,c,4880.0,High
373,3520201,4530.5,1067.01,245955,316.54,d,c,11120.0,Low
374,5495584,7009.67,1790.97,650513,829.74,a,a,1150.0,High
375,7148220,9164.38,3642.62,592001,758.98,a,c,15710.0,High
376,6548133,8460.12,2340.73,735270,949.96,a,a,160.0,High
377,6129725,7818.53,2148.59,760021,969.41,a,c,100.0,High
378,4927020,6324.8,1814.7,755752,970.16,a,c,2140.0,Medium
379,3059341,3902.22,1003.22,366551,467.54,d,a,6630.0,Low
380,11261676,14456.58,3410.09,1075375,1380.46,a,a,2240.0,Very High
381,7021213,9001.56,2489.58,752849,965.19,a,a,1800.0,High
382,6228961,7985.85,2457.93,507968,651.24,c,c,26130.0,High
383,13489879,17294.72,2785.81,1720249,2205.45,a,c,350.0,Very High
384,6937572,8871.58,2967.19,781105,998.86,a,c,130.0,High
385,4570779,7348.52,2045.16,407132,654.55,d,a,4580.0,High
386,6255013,8029.54,2479.45,502764,645.4,d,c,1460.0,High
387,7171744,9362.59,2800.57,915984,1195.8,c,a,210.0,High
388,7990920,10257.92,2507.25,854131,1096.45,a,a,2260.0,Very High
389,8104523,10337.4,2327.8,992082,1265.41,a,c,6690.0,Very High
390,9023552,11568.66,2693.73,832564,1067.39,a,c,1600.0,Very High
391,4392619,5719.56,1984.05,530324,690.53,a,a,460.0,Medium
392,5670675,7279.43,2305.29,559386,718.08,a,a,2120.0,High
393,4598489,5903.07,1529.76,457473,587.26,d,c,4820.0,Medium
394,6523885,8353.25,1982.51,516922,661.87,d,a,10850.0,High
395,3107536,3989.13,1018.14,404811,519.65,a,a,3620.0,Low
396,7973232,10222.09,3455.9,840769,1077.91,a,c,23130.0,Very High
397,4342834,5574.88,1692.93,584418,750.22,a,c,130.0,Medium
398,4309274,5496.52,1497.71,481859,614.62,c,c,1540.0,Medium
399,3457604,5558.85,1253.1,351419,564.98,a,a,5360.0,Medium
400,6839152,8745.72,2797.01,938908,1200.65,a,a,70.0,High
401,5480695,7026.53,2550.7,504539,646.84,a,c,9200.0,High
402,4569233,5857.99,1617.13,480033,615.43,c,c,5830.0,Medium
403,5817980,7468.52,1821.01,573879,736.69,a,a,4970.0,High
404,3631985,4785.22,1441.36,433625,571.31,a,c,1420.0,Low
405,3521625,4520.7,1662.67,379921,487.7,a,a,1080.0,Low
406,4760515,6111.06,1739.14,369296,474.06,d,c,8240.0,Medium
407,2417555,3886.74,921.73,195715,314.65,a,a,5890.0,Low
408,3673481,4727.77,1101.11,361353,465.06,c,a,1560.0,Low
409,4316867,5527.36,1250.02,424611,543.68,d,c,840.0,Medium
410,5019781,6443.88,1959.06,624920,802.21,c,a,40.0,Medium
411,7133158,9133.36,2312.21,547362,700.85,d,c,8460.0,High
412,5661520,9102.12,2140.59,401013,644.72,d,c,4460.0,High
413,4390211,7058.22,1687.91,553592,890.02,a,c,760.0,High
414,5020250,6427.98,1418.24,378114,484.14,d,c,6210.0,Medium
415,4863171,6234.83,1411.53,406599,521.28,d,c,6910.0,Medium
416,8633413,11012.01,2339.85,1096337,1398.39,a,c,4650.0,Very High
417,5946326,7633.28,2074.76,626318,804.0,a,c,840.0,High
418,4094061,5275.85,1839.63,428005,551.55,a,a,1060.0,Medium
419,4163948,5311.16,1317.93,668016,852.06,c,a,1620.0,Medium
420,2824092,4540.34,1070.65,250784,403.19,d,c,250.0,Low
421,7517189,9588.25,2796.39,795282,1014.39,c,c,3530.0,High
422,3574303,4559.06,903.01,364186,464.52,a,c,2880.0,Low
423,10200356,10828.4,2167.68,1776735,1886.13,b,a,1270.0,Very High
424,5395164,6925.76,1622.79,602495,773.42,d,c,1250.0,Medium
425,2512424,3237.66,897.19,337080,434.38,d,c,1460.0,Low
426,3948281,5068.4,1460.6,493761,633.84,a,a,250.0,Medium
427,4761741,7643.24,2386.49,480391,771.09,a,c,70.0,High
428,3910828,6287.5,1348.44,327530,526.58,d,a,2960.0,Medium
429,3309752,5321.14,1330.24,267103,429.43,d,c,16350.0,Medium
430,5369397,8632.47,1845.16,435346,699.91,d,c,12870.0,High
431,7419918,9524.93,1992.21,780912,1002.45,d,c,4520.0,High
432,8610571,10982.87,2423.34,1218907,1554.73,a,a,810.0,Very High
433,4621066,5360.87,1854.68,530762,615.73,a,c,30030.0,Medium
434,6160800,9904.82,2056.4,461312,741.66,a,a,13020.0,High
435,2553322,3277.69,893.43,299263,384.16,a,a,910.0,Low
436,4297398,5509.48,1524.18,481058,616.74,d,a,2300.0,Medium
437,5746040,7366.72,2410.91,567017,726.94,c,c,430.0,High
438,4019904,5153.72,1724.73,408975,524.33,d,c,1110.0,Medium
439,5719235,7294.94,1964.49,693947,885.14,a,a,1350.0,High
440,4006273,5156.08,1344.91,457624,588.96,d,a,3900.0,Medium
441,4929786,6328.35,1527.86,545030,699.65,d,a,2530.0,Medium
442,3402587,4379.13,1280.74,358458,461.34,c,a,500.0,Low
443,4095855,5251.1,1516.32,381307,488.86,d,a,11400.0,Medium
444,9470625,12188.71,3275.13,1105765,1423.12,c,a,1700.0,Very High
445,6673717,8600.15,2038.3,1052928,1356.87,a,a,240.0,High
446,3842157,4932.17,1673.11,494709,635.06,a,a,340.0,Low
447,4161176,5307.62,927.56,485603,619.39,a,c,1510.0,Medium
448,6609087,8484.07,2272.5,577957,741.92,a,c,3970.0,High
449,8789176,11253.75,2886.89,1198781,1534.93,a,c,120.0,Very High
450,6830229,8790.51,2158.51,846853,1089.9,c,a,5780.0,High
451,4248112,5439.32,1138.39,358216,458.66,a,a,2460.0,Medium
452,4037476,5149.84,1698.76,375007,478.33,a,c,1850.0,Medium
453,6896821,7775.45,2834.78,811228,914.57,a,c,75860.0,High
454,4519416,5794.12,2253.15,551135,706.58,a,a,26450.0,Medium
455,5727571,7371.39,1866.64,359933,463.23,d,c,7660.0,High
456,4822447,6190.56,1651.38,697454,895.32,a,c,140.0,Medium
457,3010824,4840.55,1272.3,269133,432.69,d,c,13140.0,Low
458,5921634,7582.12,1863.49,548787,702.67,c,a,3390.0,High
459,7194572,9176.75,2907.58,886078,1130.2,a,a,250.0,High
460,2914087,3736.01,1519.83,269319,345.28,a,a,34050.0,Low
461,3759643,4838.67,1255.14,370263,476.53,d,c,1790.0,Low
462,3769419,4832.59,1633.89,472848,606.22,a,a,44320.0,Low
463,4747749,6094.67,1704.53,755184,969.43,a,a,4160.0,Medium
464,8343864,10642.68,2456.57,1023585,1305.59,c,a,520.0,Very High
465,6062752,7762.81,2044.87,472261,604.69,d,c,10890.0,High
466,6007933,7712.37,2532.5,588740,755.76,a,c,3110.0,High
467,10501035,13480.15,2912.62,1257034,1613.65,a,c,20390.0,Very High
468,5229014,6669.66,2363.23,591594,754.58,c,c,5260.0,Medium
469,9330742,11901.46,3046.3,1192174,1520.63,c,c,710.0,Very High
470,10174712,13111.74,3140.99,1377377,1774.97,a,c,50.0,Very High
471,4422266,7109.75,1495.56,367107,590.2,d,a,5300.0,High
472,4080447,5204.65,1085.81,543274,692.95,c,c,5030.0,Medium
473,2767243,3552.3,1117.25,378998,486.52,a,a,50.0,Low
474,5885972,7526.82,2187.54,576183,736.81,c,a,14810.0,High
475,5023680,6473.81,1519.95,761981,981.93,a,a,140.0,Medium
476,4564251,5851.6,2142.5,506843,649.8,d,a,8300.0,Medium
477,3864914,6213.69,1457.29,279830,449.89,d,a,770.0,Medium
478,5336648,6806.95,1890.36,548324,699.39,d,c,1940.0,Medium
479,8782548,11230.88,3030.06,1039144,1328.83,a,a,320.0,Very High
480,3869738,4935.89,1551.34,488793,623.46,a,a,300.0,Low
481,4026351,5155.38,1586.55,372314,476.71,c,c,7470.0,Medium
482,6517671,8334.62,2369.8,720149,920.91,c,a,2550.0,High
483,3859771,4948.42,2006.68,507014,650.02,a,c,2310.0,Low
484,6050653,7717.67,1942.73,580053,739.86,a,c,14300.0,High
485,3029769,4871.01,1101.77,261854,420.99,d,c,3270.0,Low
486,3323793,4266.74,1352.17,405098,520.02,a,a,2320.0,Low
487,5487451,6999.3,1711.57,530591,676.77,d,c,2180.0,Medium
488,2890074,3686.32,884.58,304193,388.0,a,c,2890.0,Low
489,5698967,7306.37,3074.12,506711,649.63,a,a,14960.0,High
490,5131331,8249.73,1291.73,661634,1063.72,a,a,660.0,High
491,5242001,6746.46,1714.5,409706,527.29,d,c,4680.0,Medium
492,4825503,7859.13,2057.75,709936,1156.25,a,a,1740.0,High
493,6462326,8295.67,2191.06,629636,808.26,d,c,1150.0,High
494,7205637,7649.3,1689.54,1016989,1079.61,b,a,1260.0,High
495,4005216,5154.72,1500.6,306840,394.9,d,a,5470.0,Medium
496,6059458,7728.9,1922.81,650918,830.25,d,c,2780.0,High
497,7077518,9062.12,1933.78,871875,1116.36,a,c,1610.0,High
498,4351844,6996.53,958.63,550201,884.57,a,a,990.0,Medium
499,4006203,5155.99,1218.2,573176,737.68,c,c,450.0,Medium
500,3330211,5354.04,1144.5,246036,395.56,d,c,10690.0,Medium
501,3345228,5378.18,1415.52,365618,587.81,a,c,1620.0,Medium
502,8377408,10823.52,2611.76,1176212,1519.65,a,a,220.0,Very High
503,5224595,6698.2,1976.66,367061,470.59,d,c,13080.0,Medium
504,5231756,6673.16,1463.89,747470,953.41,c,c,820.0,Medium
505,3711170,4776.28,1241.15,462013,594.61,a,a,350.0,Low
506,5905867,7581.34,2180.04,655686,841.7,a,a,1850.0,High
507,6587045,8455.77,2124.41,517083,663.78,a,c,9070.0,High
508,5251735,6767.7,2022.28,514110,662.51,a,c,1280.0,Medium
509,4783674,6125.06,1845.02,404802,518.31,a,a,4740.0,Medium
510,6385260,8196.74,2312.61,656074,842.2,a,c,8260.0,High
511,4439259,5662.32,830.44,635509,810.6,a,a,2060.0,Medium
512,4105679,5510.98,1153.86,959539,1287.97,b,b,590.0,Medium
513,14252406,18179.09,3284.6,1643527,2096.34,a,a,400.0,Very High
514,3580238,5756.01,1473.62,375667,603.97,c,c,1200.0,Medium
515,7056301,9058.15,2022.97,575142,738.31,d,c,11260.0,High
516,4579807,5879.08,1814.27,592467,760.55,a,c,20.0,Medium
517,4525491,5962.44,2106.59,494050,650.92,a,c,22490.0,Medium
518,3653972,5865.12,1726.97,314185,504.31,d,c,3330.0,Medium
519,4160155,5306.32,1479.68,438316,559.08,c,c,2510.0,Medium
520,3033870,3869.73,964.71,323837,413.06,a,c,6900.0,Low
521,4036010,5181.01,1309.84,332238,426.49,d,a,18610.0,Medium
522,5122860,8222.89,1767.71,394373,633.02,d,c,7160.0,High
523,12175995,15530.61,3364.34,1397803,1782.91,c,c,50.0,Very High
524,6793232,7710.82,2810.63,721100,818.5,a,c,40860.0,High
525,8012460,10233.03,1702.55,685569,875.57,d,c,1870.0,Very High
526,8312841,10630.23,3231.69,1139140,1456.7,a,a,120.0,Very High
527,8383796,10734.69,2181.83,781383,1000.49,d,c,5830.0,Very High
528,8338762,10704.44,2894.94,744295,955.45,a,c,20620.0,Very High
529,6133846,7823.78,1891.38,596775,761.19,d,c,12920.0,High
530,4198697,4634.32,1869.54,680230,750.81,a,c,18160.0,Low
531,3843117,4901.93,933.2,470876,600.61,a,c,4030.0,Low
532,8487100,10894.87,1930.29,996269,1278.91,a,c,1070.0,Very High
533,7505547,9659.65,2597.95,701034,902.23,a,c,5950.0,High
534,4684684,7519.56,2268.57,354298,568.7,d,a,1200.0,High
535,6322186,8115.77,2285.72,718716,922.61,a,a,3570.0,High
536,6484095,8323.61,2456.02,687884,883.03,a,c,4700.0,High
537,4335799,5580.18,1344.07,469489,604.23,a,a,600.0,Medium
538,3025475,3859.02,1084.11,445253,567.92,a,a,990.0,Low
539,7035419,11310.96,1713.77,710498,1142.28,a,a,770.0,Very High
540,3513672,5648.99,1830.16,243396,391.31,d,c,810.0,Medium
541,5235513,6720.81,1987.18,667668,857.08,a,c,650.0,Medium
542,3885411,6246.64,1403.01,330680,531.64,a,a,7280.0,Medium
543,2179287,2790.38,1237.7,187583,240.18,c,a,1080.0,Low
544,10993709,14094.5,4209.37,1439156,1845.07,a,a,250.0,Very High
545,8284865,10635.26,3024.26,799891,1026.82,a,c,5020.0,Very High
546,10726323,13681.53,2347.65,1271083,1621.28,a,a,580.0,Very High
547,3578049,5752.49,1175.9,275078,442.25,d,c,8990.0,Medium
548,3896082,5066.43,1663.08,307908,400.4,d,c,3760.0,Medium
549,3639890,4642.72,919.72,429407,547.71,a,c,2330.0,Low
550,4665403,5973.63,1456.45,387883,496.65,d,c,50.0,Medium
551,5142553,6559.38,1626.39,774390,987.74,a,c,2190.0,Medium
552,6030778,7721.87,3115.59,538809,689.9,a,a,4260.0,High
553,5468991,7038.6,2013.39,496306,638.75,c,a,3040.0,High
554,3513115,4481.01,954.4,428076,546.02,c,c,1200.0,Low
555,3223315,5173.86,1343.14,298433,479.03,d,a,1560.0,Medium
556,5620964,7178.75,1851.8,650457,830.72,d,c,1140.0,High
557,3410036,4383.08,1299.36,525941,676.02,a,a,250.0,Low
558,2541355,3241.52,720.09,355175,453.03,a,a,3000.0,Low
559,4588710,5882.96,2334.11,585217,750.28,d,a,3910.0,Medium
560,10168806,13612.86,3287.76,1225287,1640.28,c,c,1910.0,Very High
561,5385871,6913.83,1807.52,531991,682.92,d,a,14300.0,Medium
562,16927322,17969.56,2931.93,2924960,3105.05,b,c,1210.0,Very High
563,4278470,5513.49,1322.86,545236,702.62,a,a,700.0,Medium
564,4306402,5528.12,1200.14,380646,488.63,d,c,6540.0,Medium
565,5169769,6636.42,1798.82,617215,792.32,a,c,160.0,Medium
566,3845237,4904.64,1273.79,427157,544.84,a,a,3620.0,Low
567,4083132,5241.5,1607.51,523036,671.42,c,a,1010.0,Medium
568,3809325,4877.5,1158.21,323256,413.9,d,c,4270.0,Low
569,3543332,4519.56,942.61,511836,652.85,a,a,1340.0,Low
570,3533080,4535.4,1545.25,515535,661.79,a,a,180.0,Low
571,4815991,7742.75,1857.76,358047,575.64,d,a,2110.0,High
572,5345670,6888.75,1742.02,443496,571.52,d,c,9230.0,Medium
573,2472309,3974.77,1097.26,208622,335.41,a,a,1190.0,Low
574,6913915,8898.22,2101.92,517928,666.57,d,a,4400.0,High
575,3343994,5367.57,2472.73,307112,492.96,a,a,960.0,Medium
576,5474294,6982.52,1988.43,756615,965.07,c,a,50.0,Medium
577,3883479,4953.42,1184.57,457367,583.38,a,c,2270.0,Low
578,7356117,8164.39,2314.65,697049,773.64,d,a,12700.0,High
579,6461297,8294.35,2176.97,709982,911.4,c,a,20970.0,High
580,7994967,10197.66,2314.11,1256554,1602.75,a,c,170.0,Very High
581,4154967,5333.72,2053.94,457777,587.65,a,a,7250.0,Medium
582,5492051,7023.08,1994.31,675115,863.32,a,a,120.0,High
583,3363288,4311.91,1275.2,350283,449.08,a,a,2640.0,Low
584,3697954,4734.9,1123.77,338512,433.43,d,a,1360.0,Low
585,4449323,5675.16,1596.2,676591,863.0,d,c,440.0,Medium
586,11742401,15131.96,3539.5,1832458,2361.41,a,c,250.0,Very High
587,6020227,9663.29,2435.39,427184,685.69,d,c,330.0,High
588,4825215,6154.61,1436.56,518339,661.15,d,c,15720.0,Medium
589,3537175,4672.62,2113.23,373858,493.87,a,c,360.0,Low
590,3872700,4984.17,1204.2,304273,391.6,d,c,4520.0,Low
591,4429448,5700.71,1295.76,387507,498.72,a,c,3340.0,Medium
592,3465390,4448.51,1280.99,444038,570.01,a,a,2540.0,Low
593,7454238,9507.96,2345.56,965705,1231.77,a,c,33060.0,High
594,3258199,4155.87,1140.9,358034,456.68,a,a,1790.0,Low
595,11774982,15019.11,3370.18,1382516,1763.41,c,c,1130.0,Very High
596,3532562,4505.82,948.01,547535,698.39,c,a,290.0,Low
597,3957495,5080.22,1090.78,566742,727.53,a,a,150.0,Medium
598,3665006,5892.29,1060.48,453190,728.6,c,a,550.0,Medium
599,7659466,9769.73,2114.39,686442,875.56,d,c,580.0,High
600,5485348,6996.62,1775.02,485495,619.25,d,c,17340.0,Medium
601,3807976,4875.77,1164.55,307941,394.29,d,a,8220.0,Low
602,4920431,6300.17,1495.24,479688,614.2,a,a,2710.0,Medium
603,5297052,6933.31,1908.1,722465,945.63,a,a,340.0,Medium
604,4953601,7963.99,1963.06,368077,591.76,d,a,10950.0,High
605,5466800,7026.74,1858.38,395780,508.71,d,a,10310.0,High
606,4577941,5839.21,1457.26,486724,620.82,a,a,2260.0,Medium
607,3051294,3901.91,1879.57,323807,414.08,a,a,350.0,Low
608,7275038,9326.97,3423.97,735209,942.58,a,c,18370.0,High
609,3636230,4638.05,1140.27,395622,504.62,a,a,2070.0,Low
610,3269954,4197.63,1314.89,405391,520.4,a,a,660.0,Low
611,3602813,5792.3,964.7,305106,490.52,a,a,8080.0,Medium
612,4246423,6816.09,1797.48,264263,424.18,d,c,2490.0,Medium
613,5261587,6728.37,1643.82,782665,1000.85,c,a,250.0,Medium
614,5140680,6590.62,1532.97,734125,941.19,a,a,1160.0,Medium
615,7585401,9712.42,2304.23,968524,1240.11,d,a,730.0,High
616,6611772,8487.51,2107.28,646898,830.42,a,c,3040.0,High
617,4960149,6359.17,2138.64,448262,574.69,a,c,8940.0,Medium
618,5334682,6830.58,1603.11,394848,505.57,d,c,9910.0,Medium
619,2676841,4303.6,1506.87,266765,428.88,a,a,1600.0,Low
620,4835283,7773.77,1457.49,441221,709.36,d,c,5440.0,High
621,4608739,5916.22,1429.64,628261,806.5,a,a,30.0,Medium
622,3385282,4317.96,1151.48,337120,430.0,a,c,2320.0,Low
623,5473895,7127.47,2161.29,639137,832.21,a,a,4080.0,High
624,5467853,7019.07,2022.62,531966,682.88,a,c,6920.0,High
625,4907852,6300.2,1745.02,480529,616.85,a,a,1170.0,Medium
626,7318373,9382.53,2686.28,647107,829.62,c,c,10740.0,High
627,4679168,5991.25,1543.65,480797,615.62,c,c,3970.0,Medium
628,4885169,6231.08,1917.56,598144,762.94,a,c,2180.0,Medium
629,4760004,7652.74,1908.75,422113,678.64,d,a,510.0,High
630,5403029,6935.85,2617.21,618196,793.58,a,a,1690.0,Medium
631,4233841,5400.31,1225.11,500538,638.44,d,c,2870.0,Medium
632,5510559,7028.77,1376.22,708433,903.61,a,a,3350.0,High
633,4482889,7207.22,1450.95,341963,549.78,d,a,11640.0,High
634,5236366,6713.29,2506.84,507938,651.2,d,a,18610.0,Medium
635,4609211,5909.24,2571.72,465439,596.72,a,a,27530.0,Medium
636,3692957,5927.7,2333.69,445334,714.82,c,a,720.0,Medium
637,5415918,8707.26,1884.07,431086,693.06,d,c,9790.0,High
638,3713936,6009.61,1202.81,313767,507.71,d,a,10170.0,Medium
639,3688329,4734.7,1509.05,378581,485.98,a,a,7780.0,Low
640,8984969,11533.98,2649.29,685137,879.51,d,c,8040.0,Very High
641,4490386,5764.3,1911.63,419152,538.06,a,c,610.0,Medium
642,2845461,3652.71,786.54,373828,479.88,c,c,530.0,Low
643,6267634,7994.43,2103.34,799871,1020.24,a,a,230.0,High
644,5537010,9353.06,2688.07,609472,1029.51,c,a,4030.0,High
645,8337410,10730.26,2748.23,1031306,1327.29,a,a,90.0,Very High
646,3126126,5025.93,982.82,439386,706.41,a,a,620.0,Medium
647,4527267,5774.58,1561.41,531153,677.49,a,c,7420.0,Medium
648,5154013,6574.0,1439.7,478100,609.82,d,a,2130.0,Medium
649,2873358,3683.79,1457.82,301609,386.68,a,a,14570.0,Low
650,3975207,6391.01,1114.58,412899,663.82,a,a,1420.0,Medium
651,5932759,7615.87,1585.89,738819,948.42,a,a,200.0,High
652,5190629,6637.63,2201.55,532554,681.02,a,a,20390.0,Medium
653,4608178,5915.5,1519.76,389640,500.18,d,c,7520.0,Medium
654,5050619,6475.15,2451.65,533663,684.18,c,a,6930.0,Medium
655,6256703,8031.71,2492.5,535521,687.45,d,c,960.0,High
656,2534495,3245.19,690.3,296129,379.17,d,a,410.0,Low
657,4698459,6054.72,2046.3,594536,766.15,c,c,80.0,Medium
658,4719829,6058.83,1804.01,466330,598.63,d,c,520.0,Medium
659,4407938,5643.97,1698.37,535041,685.07,d,a,1590.0,Medium
660,2871525,4616.6,1569.43,309426,497.47,a,a,1200.0,Low
661,5503903,7157.22,1465.58,453009,589.09,d,c,2140.0,High
662,6616587,8439.52,2678.18,604735,771.35,d,a,1070.0,High
663,3623173,4786.23,1627.93,494265,652.93,a,c,7860.0,Low
664,3858158,4946.36,1521.67,469879,602.41,d,c,1680.0,Low
665,6360621,8207.25,2539.28,975872,1259.19,a,a,90.0,High
666,5451906,7016.61,2066.73,508809,654.84,c,c,2700.0,High
667,6879831,8786.5,2226.78,621178,793.33,d,c,2870.0,High
668,7009629,8940.85,1995.51,906876,1156.73,c,a,1270.0,High
669,2807854,4514.23,988.8,245019,393.92,d,a,17080.0,Low
670,4092358,6589.95,1557.38,435070,700.6,a,a,2060.0,Medium
671,3691881,5935.5,1357.13,369379,593.86,a,c,2070.0,Medium
672,6892942,8837.11,2107.62,1083587,1389.21,c,a,240.0,High
673,5536916,7126.02,1893.12,452784,582.73,d,c,15170.0,High
674,6112239,8193.35,2723.65,756535,1014.12,a,a,2640.0,High
675,3341266,4278.19,1579.84,350178,448.37,a,a,2100.0,Low
676,7057092,7687.46,2397.41,1549211,1687.59,b,b,1410.0,High
677,4938047,7938.98,2024.71,396633,637.67,d,a,1740.0,High
678,5686651,7299.94,2104.29,642924,825.32,c,a,3250.0,High
679,7796037,9943.92,2153.79,832152,1061.42,a,a,4140.0,High
680,4080960,5205.31,1322.6,620159,791.02,c,a,170.0,Medium
681,2731676,3561.51,1156.02,375017,488.94,a,c,620.0,Low
682,10557379,11207.41,3253.52,1656830,1758.84,b,a,150.0,Very High
683,7171315,9147.09,2565.59,688589,878.3,a,a,2850.0,High
684,4802690,7721.37,2302.1,385149,619.21,d,c,680.0,High
685,5165199,6630.55,2629.94,477101,612.45,a,a,650.0,Medium
686,4875320,6250.41,2494.94,587900,753.72,a,a,20050.0,Medium
687,6522150,8372.46,1796.75,572085,734.38,d,c,2770.0,High
688,2820350,3615.83,1390.53,284035,364.15,a,a,18760.0,Low
689,5503014,7046.11,1905.66,557206,713.45,d,a,15040.0,High
690,4354600,5589.99,1382.51,617086,792.15,a,a,100.0,Medium
691,6521018,8371.01,2073.72,484001,621.31,d,c,3030.0,High
692,5132377,6588.42,2201.55,620914,797.07,a,a,40.0,Medium
693,5160800,6607.94,2807.45,386231,494.53,d,a,450.0,Medium
694,5005559,8047.52,1565.24,482870,776.32,a,c,460.0,High
695,4201243,5393.12,2140.0,400312,513.88,a,a,550.0,Medium
696,6154509,7850.14,1952.68,780542,995.59,a,c,430.0,High
697,8301159,10656.17,2543.43,782616,1004.64,d,a,3780.0,Very High
698,12202270,15564.12,2506.62,1518304,1936.61,a,a,1790.0,Very High
699,6373219,8320.13,2047.63,749312,978.21,a,a,180.0,High
700,3297857,4356.48,1677.62,399042,527.14,a,c,830.0,Low
701,3594522,5778.97,1706.47,391641,629.65,d,a,1450.0,Medium
702,2720610,4373.97,1155.11,215970,347.22,a,a,8550.0,Low
703,2563326,3290.53,956.94,274642,352.56,a,a,80.0,Low
704,8138397,10393.87,2443.75,843720,1077.55,d,c,1910.0,Very High
705,6206501,7967.27,2474.76,747320,959.33,a,a,4140.0,High
706,3572311,5743.27,1295.16,326197,524.43,d,a,7830.0,Medium
707,6481071,8319.73,2529.7,711970,913.95,a,c,2900.0,High
708,3145529,4571.99,2070.31,325392,472.95,c,c,11470.0,Low
709,7751342,9886.92,3169.21,1017426,1297.74,a,a,500.0,High
710,2828018,4546.65,1306.1,232122,373.19,d,a,1500.0,Low
711,4307666,6914.39,1853.01,318552,511.32,d,a,17110.0,Medium
712,3994137,6421.44,1643.02,357449,574.68,a,a,4870.0,Medium
713,8349365,10718.06,2694.8,1023424,1313.77,a,c,220.0,Very High
714,3538417,4553.95,1262.63,257282,331.12,d,c,12070.0,Low
715,5037090,6491.1,2560.76,524113,675.4,a,a,14810.0,Medium
716,3556025,5717.08,1250.32,282580,454.31,d,a,3200.0,Medium
717,4325705,5552.89,1884.51,435789,559.42,d,c,310.0,Medium
718,6178736,7911.31,1759.69,667942,855.24,a,a,1100.0,High
719,3348602,5383.6,1238.38,284100,456.75,c,c,8190.0,Medium
720,5618245,7166.13,1726.21,562504,717.48,a,c,15320.0,High
721,6015956,7673.41,1470.7,592864,756.2,a,c,3590.0,High
722,7711931,9836.65,2022.84,1241124,1583.07,a,a,50.0,High
723,5492073,7032.1,1783.8,442701,566.84,d,c,5650.0,High
724,5307253,6812.91,1510.57,544604,699.11,d,c,5900.0,Medium
725,4505981,5747.42,1241.2,466760,595.36,d,c,17540.0,Medium
726,8617965,11048.67,3926.65,830336,1064.53,a,c,40540.0,Very High
727,3537376,4529.29,1262.78,353663,452.83,a,a,2050.0,Low
728,4075915,5245.71,1122.3,355913,458.06,d,a,13990.0,Medium
729,8217604,10548.91,2750.8,843139,1082.34,c,c,8980.0,Very High
730,6315412,8055.37,1892.72,771672,984.28,c,a,1190.0,High
731,7177402,9249.23,2522.4,737912,950.92,a,a,15270.0,High
732,5135916,5816.44,2246.66,584069,661.46,a,c,35280.0,Medium
733,14067158,14933.29,1838.04,3206058,3403.46,b,b,860.0,Very High
734,4658828,5980.52,2145.69,440954,566.05,a,a,220.0,Medium
735,4304462,5518.54,2069.06,424583,544.34,d,c,1920.0,Medium
736,3261815,5244.08,1283.92,316774,509.28,c,c,1650.0,Medium
737,4765845,6117.9,1957.93,699863,898.41,a,a,100.0,Medium
738,6628200,8508.6,1764.39,546636,701.72,d,c,5980.0,High
739,5944868,9557.67,2644.02,476019,765.3,d,c,2770.0,High
740,5449956,6978.18,1727.9,397647,509.15,d,a,6400.0,Medium
741,5973663,7619.47,1824.49,721461,920.23,d,c,11900.0,High
742,6252167,8025.89,1983.12,679893,872.78,d,c,4380.0,High
743,2976940,3816.59,1393.38,326296,418.33,a,a,6710.0,Low
744,4511526,7457.07,1324.62,505061,834.81,a,a,1370.0,High
745,5849281,7499.08,2971.03,553511,709.63,a,a,17650.0,High
746,4716888,6039.55,1776.7,397568,509.05,d,c,4330.0,Medium
747,6261174,8027.15,2226.4,547051,701.35,c,c,45740.0,High
748,4469650,5737.68,1569.98,379885,487.66,d,a,2380.0,Medium
749,4042901,5189.86,1958.36,495780,636.43,a,a,3410.0,Medium
750,3108353,4997.35,1248.09,250543,402.8,d,a,8670.0,Low
751,3284432,4216.22,1076.97,446946,573.74,a,a,650.0,Low
752,4091043,5251.66,1904.58,357872,459.4,a,a,970.0,Medium
753,6785308,8710.28,2251.26,595402,764.32,d,c,540.0,High
754,6324001,8086.96,2641.46,755067,965.56,c,c,380.0,High
755,8187392,10483.22,2356.56,699323,895.42,d,c,13130.0,Very High
756,12911782,16574.82,3912.56,1827980,2346.57,a,c,50.0,Very High
757,4832775,6219.79,1632.85,416360,535.86,a,c,3450.0,Medium
758,3768116,4868.37,1281.24,492895,636.82,a,c,19780.0,Low
759,5460897,7010.14,2221.45,603295,774.45,a,a,110.0,High
760,5935009,7638.36,1018.89,953570,1227.25,a,a,560.0,High
761,6843911,8729.48,2103.08,780038,994.95,a,a,2390.0,High
762,2965697,3886.89,1206.81,297292,389.64,d,c,1280.0,Low
763,4802197,6125.25,1396.92,459640,586.28,d,c,32240.0,Medium
764,2714404,3538.99,1382.91,303938,396.27,a,c,26490.0,Low
765,6609836,8506.87,2069.19,552225,710.71,a,c,25430.0,High
766,3809093,6123.94,1446.24,329475,529.7,d,c,9820.0,Medium
767,4722348,6023.4,1877.21,482393,615.3,a,c,13080.0,Medium
768,10185601,12991.84,3350.46,1054827,1345.44,a,c,2630.0,Very High
769,10198000,10825.9,1851.33,2902351,3081.05,b,b,840.0,Very High
770,5046197,6477.79,2006.4,571210,733.26,a,c,100.0,Medium
771,4181091,6722.01,1531.75,428572,689.02,a,a,20640.0,Medium
772,2804862,3582.2,827.11,382210,488.14,d,c,1850.0,Low
773,4464281,5716.11,1236.37,618439,791.86,a,a,200.0,Medium
774,4307095,5493.74,1119.91,559318,713.42,a,c,640.0,Medium
775,5405733,8690.89,1777.63,386321,621.09,d,c,6970.0,High
776,3728530,4804.81,1327.68,414825,534.57,c,a,700.0,Low
777,3109262,3991.35,1063.96,273048,350.51,d,c,8250.0,Low
778,3670582,5901.26,1409.57,497906,800.49,a,a,340.0,Medium
779,5560247,7128.52,2894.21,546065,700.08,a,a,16990.0,High
780,5106807,6547.19,2520.14,615416,788.99,a,a,18160.0,Medium
781,3839505,4922.44,1777.42,524908,672.96,a,a,630.0,Low
782,4275775,5488.8,1310.04,399793,513.21,c,c,5390.0,Medium
783,5364665,6860.19,1579.81,530718,678.67,d,c,15490.0,Medium
784,6038270,7751.31,2295.7,642805,825.17,a,a,560.0,High
785,5072473,6511.52,2014.01,437324,561.39,d,c,970.0,Medium
786,2779666,3563.67,1452.81,431356,553.02,a,a,290.0,Low
787,7977175,10227.15,2596.09,890735,1141.97,c,c,3210.0,Very High
788,14082141,17961.91,3150.65,1346835,1717.9,a,c,1530.0,Very High
789,2626269,3380.01,630.27,364576,469.21,a,c,9770.0,Low
790,5820810,7453.02,1634.09,532923,682.36,d,c,9070.0,High
791,5973977,7668.78,2181.07,631301,810.4,a,a,5950.0,High
792,5756322,7389.37,2445.49,538855,691.73,d,a,17280.0,High
793,3764223,4832.12,1742.77,356672,457.86,d,a,2710.0,Low
794,2405374,3083.81,575.95,407027,521.83,c,c,5090.0,Low
795,3547312,4553.67,1502.73,364026,467.3,d,a,510.0,Low
796,5643678,7244.77,2144.22,520214,667.8,a,c,7180.0,High
797,2617520,4208.23,1131.54,257816,414.5,a,a,2090.0,Low
798,5825254,7468.27,2846.77,702461,900.59,a,a,9560.0,High
799,7708195,9894.99,2025.61,700034,898.63,a,c,2700.0,High
800,4157860,5337.43,1369.94,388966,499.31,d,a,2020.0,Medium
801,3798660,4845.23,1467.47,371915,474.38,d,a,48330.0,Low
802,5363403,6841.08,1694.3,410025,522.99,a,c,910.0,Medium
803,4650665,6047.68,1845.73,378421,492.09,d,a,1760.0,Medium
804,3061600,4922.19,1094.29,273928,440.4,c,c,2100.0,Low
805,3784390,6084.23,1723.83,356051,572.43,d,a,24770.0,Medium
806,4234755,6808.29,1999.76,326751,525.32,d,a,260.0,Medium
807,7669453,9820.04,1696.16,767032,982.12,a,a,3870.0,High
808,5687084,7291.13,2029.23,469085,601.39,a,a,18620.0,High
809,7317626,9393.61,3007.76,624924,802.21,a,a,12770.0,High
810,4619798,5930.42,1270.8,380807,488.84,d,c,9640.0,Medium
811,3239518,4132.04,871.78,535292,682.77,a,a,410.0,Low
812,4966087,6366.78,2075.07,605630,776.45,d,a,2590.0,Medium
813,4514925,5810.71,1159.82,505237,650.24,a,a,1560.0,Medium
814,6628829,8476.76,2607.11,543698,695.27,d,c,24530.0,High
815,5222211,8395.84,2236.92,507202,815.44,a,a,590.0,High
816,3998667,5133.08,1331.67,578506,742.63,c,c,460.0,Medium
817,17057867,21757.48,4674.8,2454370,3130.57,a,a,140.0,Very High
818,4772357,6110.57,1915.01,496141,635.26,d,a,490.0,Medium
819,4775423,6091.1,1231.05,423324,539.95,a,c,720.0,Medium
820,7517399,12085.85,2169.82,677726,1089.59,a,c,1650.0,Very High
821,5438993,6937.49,1855.85,667296,851.14,a,a,1700.0,Medium
822,6066329,7737.66,2271.49,499161,636.68,a,c,410.0,High
823,4549069,5802.38,1542.64,446881,570.0,a,c,16210.0,Medium
824,5358101,6834.31,2016.14,676454,862.82,a,a,17570.0,Medium
825,2838137,4562.92,972.6,334048,537.05,a,a,380.0,Low
826,6859209,8839.19,2076.4,598363,771.09,a,c,7980.0,High
827,10000214,12771.67,3037.19,1302475,1663.44,a,c,250.0,Very High
828,4055958,5199.95,1690.65,457911,587.07,d,c,3290.0,Medium
829,4624043,5920.67,1450.44,617709,790.92,c,a,110.0,Medium
830,4816406,6174.88,2012.13,410638,526.46,a,c,6320.0,Medium
831,9884733,12689.0,3617.68,1228453,1576.96,a,a,800.0,Very High
832,5115779,6550.29,1558.25,433019,554.44,d,a,5070.0,Medium
833,4293342,5511.35,1462.3,394316,506.18,d,c,3290.0,Medium
834,4600937,5868.54,1679.2,501318,639.44,a,a,3470.0,Medium
835,3979293,5174.63,1571.41,505659,657.55,a,a,2890.0,Medium
836,4606682,5906.0,2157.75,554940,711.46,a,a,2720.0,Medium
837,2608765,3473.72,1496.0,345575,460.15,a,c,14600.0,Low
838,6246047,7987.27,1928.68,639466,817.73,d,c,6890.0,High
839,4019692,5127.16,1660.71,507297,647.06,c,a,240.0,Medium
840,5738112,7319.02,1920.43,827775,1055.84,a,a,1070.0,High
841,2318635,2972.61,1096.26,321495,412.17,a,a,27650.0,Low
842,11553523,18574.8,3788.99,714829,1149.24,d,c,1200.0,Very High
843,7423466,9468.71,2209.82,875136,1116.24,c,a,60.0,High
844,3255217,4178.71,1472.47,353844,454.23,a,a,2030.0,Low
845,3746964,4828.56,1022.47,277736,357.91,d,a,7860.0,Low
846,7185993,9224.64,2785.17,673539,864.62,a,c,8860.0,High
847,5518727,7111.76,1791.02,784345,1010.75,c,c,190.0,High
848,5059150,6630.6,2009.05,574672,753.17,a,c,370.0,Medium
849,6393691,8155.22,1779.38,697085,889.14,c,c,5000.0,High
850,4787781,6193.77,1812.79,504159,652.21,d,a,1120.0,Medium
851,3392054,5453.46,1205.21,292151,469.7,d,c,2330.0,Medium
852,3597687,4606.51,1374.6,456050,583.93,c,a,940.0,Low
853,7181892,9243.1,2129.02,792735,1020.25,a,a,14040.0,High
854,5130172,6577.14,1707.04,530973,680.73,c,a,4770.0,Medium
855,4477596,5762.67,1677.29,477358,614.36,a,a,3440.0,Medium
856,5599626,7142.38,1467.89,750983,957.89,a,a,3020.0,High
857,5815578,7446.32,1768.5,720850,922.98,c,a,6270.0,High
858,2957986,4755.6,946.92,260058,418.1,a,a,3370.0,Low
859,4667332,7503.75,1364.07,451729,726.25,c,a,21770.0,High
860,4521003,5781.33,1479.75,572462,732.05,c,c,5980.0,Medium
861,2674267,3500.35,951.5,389298,509.55,c,c,740.0,Low
862,6715065,8565.13,2139.4,876626,1118.15,a,c,2840.0,High
863,6836861,7707.85,2765.46,814889,918.7,a,c,21370.0,High
864,3316575,4268.44,1096.6,456851,587.97,a,a,1020.0,Low
865,5894369,7566.58,1693.33,496348,637.16,d,c,2640.0,High
866,5368119,6873.39,1757.73,379569,486.0,d,a,9680.0,Medium
867,3809715,4329.22,1396.97,360886,410.1,d,c,21810.0,Low
868,7480652,9578.3,1914.03,509296,652.11,d,c,1360.0,High
869,4659180,5973.31,2050.03,678666,870.08,c,a,230.0,Medium
870,5349346,6929.2,1362.89,670529,868.56,a,a,780.0,Medium
871,4889449,6260.5,1704.93,374591,479.63,d,c,10620.0,Medium
872,6649861,8536.41,1943.3,640124,821.73,a,c,3860.0,High
873,2990009,3833.34,984.33,355880,456.26,a,a,2040.0,Low
874,3593615,4583.69,1009.93,399658,509.77,a,a,3210.0,Low
875,3943035,5061.66,1483.53,366310,470.23,d,a,5070.0,Medium
876,7069345,9228.91,4079.72,779006,1016.98,a,a,21790.0,High
877,5103191,6331.5,1539.62,704036,873.49,a,c,29190.0,Medium
878,6801666,8720.08,2411.59,620669,795.73,d,c,1100.0,High
879,2340576,3762.98,1014.78,216037,347.33,d,a,2320.0,Low
880,5832985,7507.06,1592.99,614028,790.25,a,c,4570.0,High
881,3274150,4203.02,1518.46,483296,620.41,a,a,180.0,Low
882,5081054,6607.35,1597.1,647761,842.34,a,a,30.0,Medium
883,3714779,4768.65,1301.18,391539,502.62,a,a,3200.0,Low
884,3443958,5536.91,1465.64,329703,530.07,d,c,7550.0,Medium
885,4235932,5458.68,1378.21,565894,729.24,a,a,480.0,Medium
886,5018882,6442.72,1732.64,474412,609.0,a,c,12430.0,Medium
887,5317050,6887.37,2028.92,445543,577.13,d,a,19700.0,Medium
888,6271013,7998.74,1752.34,582833,743.41,d,a,4450.0,High
889,3232661,4144.44,1241.37,353304,452.95,d,a,18670.0,Low
890,3563801,5729.58,1551.81,276589,444.68,a,a,4450.0,Medium
891,6189692,7976.41,1929.98,851629,1097.46,a,c,350.0,High
892,5927347,7599.16,2802.73,608437,780.05,a,a,19370.0,High
893,3978679,6396.59,1283.82,514925,827.85,a,a,130.0,Medium
894,6529198,8468.48,2641.82,797763,1034.71,a,a,190.0,High
895,7248912,9329.36,1754.93,685097,881.72,a,c,4150.0,High
896,5439130,6937.67,1403.63,852792,1087.74,a,c,170.0,Medium
897,2717511,3492.94,1810.46,268885,345.61,c,c,3290.0,Low
898,5173270,6615.43,2874.48,555939,710.92,a,a,18540.0,Medium
899,4109286,5268.32,2134.67,438759,562.51,d,a,2590.0,Medium
900,3635287,5844.51,1179.38,341494,549.03,a,a,3920.0,Medium
901,5669137,7231.04,1942.91,500746,638.71,a,c,3170.0,High
902,3039385,4886.47,926.14,391201,628.94,a,a,310.0,Low
903,7300878,11737.75,2210.19,508657,817.78,d,c,7290.0,Very High
904,3742423,6016.76,1402.98,319701,513.99,d,c,570.0,Medium
905,6645066,8530.25,2654.03,987344,1267.45,a,a,90.0,High
906,8535775,10929.29,2663.46,992530,1270.85,a,a,90.0,Very High
907,4884914,6270.75,1400.1,646047,829.33,a,c,250.0,Medium
908,3307400,4234.83,1593.06,283561,363.07,a,a,1980.0,Low
909,6512493,10728.98,3252.09,619197,1020.09,a,c,1680.0,Very High
910,4452869,5708.81,1670.34,447385,573.57,d,c,12480.0,Medium
911,7749768,9884.91,2244.51,712986,909.42,a,c,16490.0,High
912,4520528,5765.98,1347.96,594778,758.65,c,c,3100.0,Medium
913,6900317,8892.16,2469.65,902068,1162.46,a,a,280.0,High
914,7453259,9506.71,2372.19,888608,1133.43,c,c,2640.0,High
915,3942303,6338.11,1588.56,319510,513.68,d,c,650.0,Medium
916,4176608,5382.23,1112.63,546736,704.56,a,a,90.0,Medium
917,5221594,6702.94,2004.14,577462,741.29,a,a,7240.0,Medium
918,4046072,5187.27,1631.14,431296,552.94,a,c,18710.0,Medium
919,3438093,5536.38,1651.66,420199,676.65,a,a,2620.0,Medium
920,3585330,5764.2,1202.15,361808,581.68,a,a,850.0,Medium
921,7389638,9473.89,2958.32,853783,1094.59,a,a,840.0,High
922,5739531,7405.85,1509.95,552904,713.42,d,a,2110.0,High
923,4167230,5315.34,740.82,501835,640.1,a,a,280.0,Medium
924,3702496,4752.88,1432.64,350663,450.15,a,a,6420.0,Low
925,5147464,6693.71,1690.59,921935,1198.88,c,a,470.0,Medium
926,5655998,7260.59,2007.88,422709,542.63,d,c,5150.0,High
927,5059388,6553.61,2084.83,672726,871.41,a,a,480.0,Medium
928,6243438,8014.68,2482.28,539545,692.61,d,c,1090.0,High
929,4559231,5815.35,1333.1,557548,711.16,a,c,4820.0,Medium
930,5569973,7150.16,1747.3,911976,1170.7,a,a,70.0,High
931,3140234,3588.84,1226.46,386489,441.7,a,c,1480.0,Low
932,4607215,7395.21,1896.28,455455,731.07,a,a,15700.0,High
933,5718554,7331.48,2417.79,706128,905.29,a,c,6270.0,High
934,5268860,6763.62,1848.05,529417,679.61,a,c,5460.0,Medium
935,4430153,5650.71,1676.24,470734,600.43,a,c,22350.0,Medium
936,5496846,7056.28,1423.92,694390,891.39,a,a,580.0,High
937,5648895,7232.9,1895.19,457265,585.49,d,a,2810.0,High
938,7375962,9408.11,1923.27,755547,963.71,a,a,2820.0,High
939,4656745,5977.85,1475.55,449101,576.51,d,a,1340.0,Medium
940,5657022,7252.59,1967.92,579554,743.02,d,c,6470.0,High
941,3129057,5030.64,1267.75,344647,554.09,a,a,1200.0,Medium
942,4731583,6058.36,1589.75,367396,470.42,d,c,6860.0,Medium
943,5428994,6969.18,1481.38,471937,605.82,d,c,18020.0,Medium
944,6217518,7930.51,2195.41,963947,1229.52,c,a,1670.0,High
945,3429965,4374.96,1104.65,416215,530.89,a,c,12480.0,Low
946,3274470,4203.43,1137.46,414924,532.64,a,a,2220.0,Low
947,6470539,8392.4,1749.95,879169,1140.3,a,a,460.0,High
948,6437314,6936.76,1838.01,1589133,1712.43,b,b,1430.0,Medium
949,4194405,5350.01,1842.57,389579,496.91,a,a,870.0,Medium
950,4450296,5742.32,1597.7,435793,562.31,a,a,8460.0,Medium
951,6058267,7776.98,1938.23,559971,718.83,d,c,710.0,High
952,4085326,6568.05,1285.48,329797,530.22,d,c,6300.0,Medium
953,4162942,5323.46,1888.7,424309,542.59,a,a,19830.0,Medium
954,5426552,6966.05,2043.24,705305,905.4,a,a,390.0,Medium
955,3676529,4719.55,1380.12,355771,456.7,d,c,1690.0,Low
956,2992188,3855.91,1499.18,385118,496.29,a,a,2330.0,Low
957,6192726,7898.89,2509.55,666924,850.67,d,c,1420.0,High
958,3327635,4244.43,972.2,441182,562.73,a,a,440.0,Low
959,5528325,7051.43,1930.97,583763,744.6,a,c,1060.0,High
960,5251132,6723.6,1782.31,431941,553.06,d,a,8990.0,Medium
961,5080588,6521.94,1462.02,536603,688.84,d,c,9430.0,Medium
962,5125011,6690.61,2135.91,696101,908.75,c,a,260.0,Medium
963,8385406,10764.32,4507.55,791630,1016.21,a,c,23620.0,Very High
964,7534699,9759.97,2387.78,1077174,1395.3,a,a,270.0,High
965,6626600,8484.76,2498.33,707184,905.49,a,c,110.0,High
966,3753283,4818.08,1055.46,475390,610.26,a,a,760.0,Low
967,6731473,8641.17,2227.27,719270,923.32,a,c,3560.0,High
968,5609742,7191.98,1799.56,683254,875.97,c,a,1190.0,High
969,2645117,3503.47,946.13,452346,599.13,a,c,600.0,Low
970,2573975,3295.74,1185.54,312532,400.17,a,a,910.0,Low
971,6392792,8270.11,2397.13,761659,985.33,c,a,1140.0,High
972,2402627,3422.55,1468.55,272238,387.8,a,a,14960.0,Low
973,5017528,6440.99,1941.35,615311,789.87,d,c,330.0,Medium
974,7178474,11540.95,2171.22,971204,1561.42,a,a,150.0,Very High
975,6010559,7715.74,2031.32,579446,743.83,a,c,9630.0,High
976,5433498,6974.97,2163.97,559119,717.74,a,a,4180.0,Medium
977,2974291,4774.14,1831.79,318092,510.58,a,a,520.0,Low
978,5626588,7213.57,1968.27,757830,971.58,c,c,3890.0,High
979,4898808,6264.46,1856.63,497651,636.38,a,c,2270.0,Medium
980,5468281,7019.62,1963.94,432164,554.77,a,a,4420.0,High
981,5700952,7308.91,1999.28,588296,754.23,d,c,2620.0,High
982,6285458,8058.28,2371.88,539497,691.66,d,a,21930.0,High
983,7941077,10259.79,3233.19,1068066,1379.93,a,a,40.0,Very High
984,4708162,6067.22,1832.41,574511,740.35,c,a,440.0,Medium
985,6516900,8387.26,2253.5,601984,774.75,c,c,490.0,High
986,4802035,6220.25,2140.17,639283,828.09,a,a,620.0,Medium
987,5368327,6847.36,2058.58,680093,867.47,c,a,1690.0,Medium
988,3683288,4698.07,989.22,566446,722.51,a,a,30.0,Low
989,3260812,5242.46,1363.43,356745,573.55,a,a,1640.0,Medium
990,4999125,6409.13,1718.85,447315,573.48,d,a,20930.0,Medium
991,4484520,5756.77,1341.03,418129,536.75,a,a,1010.0,Medium
992,4452757,5715.99,1523.92,546190,701.14,a,a,2480.0,Medium
993,5942063,7618.03,2158.21,587207,752.83,d,c,3460.0,High
994,3536283,4539.52,1733.87,344327,442.01,a,a,2290.0,Low
995,7226190,9264.35,2133.76,614734,788.12,d,a,6560.0,High
996,4993206,6510.05,2249.46,534380,696.71,c,a,2870.0,Medium
997,4028334,5157.92,1583.65,322024,412.32,d,c,5840.0,Medium
998,3354263,4316.94,873.28,415133,534.28,a,a,780.0,Low
999,7163321,9183.74,3111.99,515113,660.4,d,c,15140.0,High
1000,4635525,7452.61,1493.94,423675,681.15,a,c,2230.0,High
1001,4239004,5420.72,1809.8,485624,621.0,c,a,19640.0,Medium
1002,4753790,6063.51,1398.92,562417,717.37,d,c,1130.0,Medium
1003,5751204,7382.8,2604.38,602250,773.11,a,a,170.0,High
1004,3212907,5165.45,1460.22,281082,451.9,d,c,970.0,Medium
1005,4834459,6205.98,1317.17,729683,936.69,a,a,6480.0,Medium
1006,4970130,6371.96,1632.88,675677,866.25,c,c,3890.0,Medium
1007,5485024,6996.2,1880.95,639858,816.15,c,c,4180.0,Medium
1008,4179585,5331.1,1386.01,561855,716.65,a,c,30.0,Medium
1009,2968299,4772.18,1041.55,284969,458.15,a,a,230.0,Low
1010,6957339,8874.16,2387.3,633057,807.47,d,c,4610.0,High
1011,6137147,7878.24,2059.64,734852,943.33,a,c,490.0,High
1012,3762920,6049.71,1295.75,321582,517.01,d,c,6330.0,Medium
1013,3110984,3993.56,1325.45,345207,443.14,a,a,630.0,Low
1014,9509102,12206.81,4571.51,1051375,1349.65,a,c,210.0,Very High
1015,4705183,6040.03,1514.2,383638,492.47,d,c,9910.0,Medium
1016,4213934,5409.41,1920.67,389650,500.19,c,c,550.0,Medium
1017,5539437,7203.43,1712.67,781115,1015.75,c,a,110.0,High
1018,9187204,11748.34,2843.85,1063112,1359.48,c,c,140.0,Very High
1019,5651236,9071.0,2633.35,469473,753.57,d,c,2740.0,High
1020,7054345,9032.45,1822.18,866840,1109.91,a,a,40.0,High
1021,6835866,8877.75,1469.16,817747,1062.01,a,a,1080.0,High
1022,5706179,7325.01,2132.68,641135,823.02,a,c,1520.0,High
1023,4799042,6152.62,1827.83,491531,630.17,c,a,3740.0,Medium
1024,4810209,6135.47,1383.58,615780,785.43,c,c,1990.0,Medium
1025,5762189,7425.5,1343.32,672559,866.7,a,a,720.0,High
1026,7397085,9495.62,2753.18,919445,1180.29,c,a,450.0,High
1027,8163847,13104.09,3754.72,1032892,1657.93,a,c,190.0,Very High
1028,3686723,4732.64,1781.58,425786,546.58,a,a,150.0,Low
1029,4224868,5416.5,1983.79,591023,757.72,a,a,1590.0,Medium
1030,2816323,3610.67,1430.31,258896,331.92,a,a,36410.0,Low
1031,3773364,4843.86,1495.2,325598,417.97,d,a,590.0,Low
1032,7172255,9195.2,2936.95,752136,964.28,d,c,270.0,High
1033,10870270,13865.14,3290.34,1018597,1299.23,a,a,7680.0,Very High
1034,5072945,6503.78,2681.14,568150,728.4,a,a,13750.0,Medium
1035,3803794,4876.66,1913.56,450423,577.47,a,a,27150.0,Low
1036,3884252,4986.2,1109.76,367372,471.59,d,c,9560.0,Low
1037,5387026,6906.44,1757.62,681679,873.95,a,c,150.0,Medium
1038,3668097,5897.26,1382.65,319358,513.44,d,a,17290.0,Medium
1039,6307879,8181.43,2293.83,799824,1037.39,a,c,70.0,High
1040,6775360,8697.51,2436.74,674734,866.15,a,a,4030.0,High
1041,3801487,6111.72,1061.28,408015,655.97,c,a,1600.0,Medium
1042,3218244,4131.25,1204.31,426002,546.86,a,a,3440.0,Low
1043,6858406,8792.83,2357.42,941445,1206.98,c,a,420.0,High
1044,5145309,6622.02,1646.97,695225,894.76,c,a,240.0,Medium
1045,6654188,7535.89,2511.72,808163,915.25,a,c,26990.0,High
1046,6784716,8698.35,2537.94,533570,684.06,d,c,29070.0,High
1047,3791124,4885.47,1456.66,407902,525.65,a,a,3750.0,Low
1048,5392653,6887.17,1996.84,416229,531.58,d,c,1860.0,Medium
1049,2478906,3985.38,870.24,395752,636.26,a,a,370.0,Low
1050,5771211,7389.51,1917.2,404342,517.72,d,c,13170.0,High
1051,5737921,7490.76,2053.47,770860,1006.34,c,a,200.0,High
1052,5662859,7269.4,1950.31,588984,756.08,a,c,5080.0,High
1053,7002929,8932.31,2576.35,791662,1009.77,a,a,1710.0,High
1054,4730838,6034.23,1797.54,483709,616.98,a,c,13190.0,Medium
1055,6197127,7914.59,1916.6,775488,990.41,c,a,1980.0,High
1056,2415557,3877.3,1142.98,230408,369.84,d,c,5350.0,Low
1057,5036413,6424.0,1404.57,502083,640.41,d,c,3230.0,Medium
1058,5658141,7263.34,2097.72,546009,700.91,a,c,180.0,High
1059,6604849,8424.55,1833.35,904541,1153.75,c,a,3380.0,High
1060,5707977,7327.31,1889.02,660675,848.11,a,c,3430.0,High
1061,5732970,7378.34,1785.71,431026,554.73,d,c,8110.0,High
1062,4990259,6405.98,1815.01,461502,592.43,d,a,190.0,Medium
1063,3348689,4271.29,1112.88,416261,530.95,a,c,6250.0,Low
1064,7365896,9455.58,2060.2,831862,1067.86,a,c,420.0,High
1065,2611257,4198.16,1096.29,301834,485.26,a,a,1290.0,Low
1066,8626583,11073.92,1924.01,877097,1125.93,a,a,3350.0,Very High
1067,3580348,5756.19,1254.51,305012,490.37,d,c,12020.0,Medium
1068,3451074,4441.54,1128.26,240516,309.54,d,c,5010.0,Low
1069,4930721,6305.27,2230.95,621457,794.7,a,c,18050.0,Medium
1070,5515214,7034.71,1794.7,680475,867.95,c,c,400.0,High
1071,4725345,6027.23,1357.77,571238,728.62,a,a,820.0,Medium
1072,5314269,6821.91,1972.94,500175,642.07,a,c,5380.0,Medium
1073,5668621,7276.79,1808.33,715327,918.26,a,c,1710.0,High
1074,4014070,5146.24,1455.43,433374,555.61,c,c,3330.0,Medium
1075,9004545,11485.39,1577.49,856724,1092.76,a,c,1410.0,Very High
1076,2820000,3620.03,1019.98,424905,545.45,a,c,90.0,Low
1077,3497529,4489.77,1290.43,386337,495.94,a,a,3750.0,Low
1078,5289878,6808.08,2174.83,406860,523.63,d,c,670.0,Medium
1079,6783229,8685.31,2595.38,538364,689.33,a,a,16680.0,High
1080,6338656,10190.77,1805.78,523432,841.53,a,a,2410.0,Very High
1081,4485164,5924.92,2154.41,709444,937.18,b,a,400.0,Medium
1082,5494934,7044.79,1983.68,807063,1034.7,c,a,440.0,High
1083,4019314,5146.37,1235.92,281668,360.65,d,c,11540.0,Medium
1084,4904211,6271.37,1235.54,631824,807.96,a,a,190.0,Medium
1085,5932711,7567.23,1944.0,596091,760.32,c,a,4030.0,High
1086,5996057,7677.41,3061.35,655364,839.13,a,a,180.0,High
1087,4925247,6282.2,1370.37,482537,615.48,d,c,2210.0,Medium
1088,3960984,5084.7,1599.74,377930,485.15,a,a,4300.0,Medium
1089,7915233,10160.76,2279.63,781006,1002.58,d,a,5220.0,Very High
1090,5033396,6453.07,2365.2,612815,785.66,a,a,330.0,Medium
1091,6488655,8276.35,2193.63,546598,697.19,a,c,9990.0,High
1092,7439455,11960.54,1881.24,724644,1165.02,a,a,300.0,Very High
1093,6504285,8338.83,1938.95,678171,869.45,c,c,10450.0,High
1094,2845473,4574.72,1022.17,232530,373.84,d,a,2380.0,Low
1095,3739067,4781.42,1354.6,530065,677.83,a,a,690.0,Low
1096,4250632,5456.52,1565.24,493156,633.06,a,c,1130.0,Medium
1097,9179413,9744.6,1900.89,2280508,2420.92,b,b,720.0,High
1098,4102408,5259.5,1670.52,553080,709.08,a,a,1830.0,Medium
1099,6914599,7743.11,2128.23,875095,979.95,a,c,200.0,High
1100,4167374,5405.15,2039.01,514503,667.32,a,a,540.0,Medium
1101,7818257,9972.27,2524.22,774945,988.45,d,c,4060.0,High
1102,4353993,6999.99,1267.15,439429,706.48,a,a,850.0,Medium
1103,3920264,5019.54,1449.45,301204,385.66,d,c,1340.0,Medium
1104,3397012,5461.43,1278.69,268215,431.21,d,a,260.0,Medium
1105,3555802,4564.57,1579.59,397318,510.04,c,c,330.0,Low
1106,3836971,4894.1,1388.85,437169,557.61,a,c,5330.0,Low
1107,3882362,6231.72,2014.66,416495,668.53,a,a,1400.0,Medium
1108,4482599,5746.92,2441.87,460408,590.27,a,a,540.0,Medium
1109,3064721,4927.2,1394.92,281354,452.34,c,a,3490.0,Low
1110,3548486,4531.91,1433.17,422958,540.18,c,c,900.0,Low
1111,4091076,5251.7,1667.62,351883,451.71,a,a,1900.0,Medium
1112,7974294,10236.58,3334.92,653276,838.61,c,c,1880.0,Very High
1113,5196242,6627.86,1456.49,562151,717.03,a,c,9260.0,Medium
1114,16202585,20666.56,3452.94,2509542,3200.95,a,c,870.0,Very High
1115,4922229,6302.47,1728.16,337884,432.63,d,c,5350.0,Medium
